{
  "category_types": ["classes", "enums", "structs", "panels"],
  "structure": {
    "globals": {
      "name": "Globals",
      "pageType": "function",
      "subcategories": {
        "sKore.PersistentData": {
          "name": "sKore.PersistentData",
          "description": "Creates a PersistentData using the given file.",
          "item": "function",
          "parameters": [
            {
              "type": "string",
              "name": "path",
              "description": "The path of the file to store the data in."
            }
          ],
          "realm": "shared"
        },
        "Stack": {
          "name": "Stack",
          "description": "Returns a new Stack object",
          "item": "function",
          "returns": [
            {
              "type": "Stack",
              "description": "A brand new stack object."
            }
          ],
          "realm": "shared"
        }
      },
      "item": "category"
    },
    "classes": {
      "name": "Classes",
      "pageType": "function",
      "subcategories": {
        "PersistentData": {
          "name": "PersistentData",
          "pageType": "function",
          "subcategories": {
            "PersistentData:load": {
              "name": "PersistentData:load",
              "description": "Loads/reloads data from the data file.",
              "item": "function",
              "returns": [
                {
                  "type": "PersistentData",
                  "description": "Returns itself."
                }
              ],
              "realm": "shared"
            },
            "PersistentData:save": {
              "name": "PersistentData:save",
              "description": "Stores data in the data file.",
              "item": "function",
              "returns": [
                {
                  "type": "PersistentData",
                  "description": "Returns itself."
                }
              ],
              "realm": "shared"
            }
          },
          "description": "Used to store persistent data between different sessions and servers.",
          "fields": [
            {
              "type": "string",
              "key": "path",
              "description": "Path of the file the data is stored in."
            }
          ],
          "item": "category"
        },
        "Stack": {
          "name": "Stack",
          "pageType": "function",
          "subcategories": {
            "Stack:Pop": {
              "name": "Stack:Pop",
              "description": "Pop an item from the stack.",
              "item": "function",
              "returns": [
                {
                  "type": "number",
                  "description": "amount Amount of items you want to pop. Defaults to 1."
                }
              ],
              "realm": "shared"
            },
            "Stack:Push": {
              "name": "Stack:Push",
              "description": "Push an item onto the stack.",
              "item": "function",
              "parameters": [
                {
                  "type": "any",
                  "name": "object",
                  "description": "The item you want to push."
                }
              ],
              "realm": "shared"
            },
            "Stack:Size": {
              "name": "Stack:Size",
              "description": "Returns the size of the stack.",
              "item": "function",
              "returns": [
                {
                  "type": "number",
                  "description": "The size of the stack."
                }
              ],
              "realm": "shared"
            },
            "Stack:Top": {
              "name": "Stack:Top",
              "description": "Get the item at the top of the stack.",
              "item": "function",
              "returns": [
                {
                  "type": "any",
                  "description": "The item at the top of the stack."
                }
              ],
              "realm": "shared"
            }
          },
          "description": "An object returned by Stack().\n\nLike a Lua table, a Stack is a container. It follows the principle of LIFO\n(last in, first out).\n\nThe Stack works like a stack of papers: the first page you put down (push)\nwill be the last one you remove (pop). That also means that the last page you\nput down, will be the first to be removed.",
          "item": "category"
        }
      },
      "item": "category"
    },
    "libraries": {
      "name": "Libraries",
      "pageType": "function",
      "subcategories": {
        "achievements": {
          "name": "achievements",
          "pageType": "function",
          "subcategories": {
            "achievements.BalloonPopped": {
              "name": "achievements.BalloonPopped",
              "description": "Adds one to the count of balloons burst. Once this count reaches 1000,\nthe 'Popper' achievement is unlocked.",
              "item": "function",
              "realm": "client"
            },
            "achievements.Count": {
              "name": "achievements.Count",
              "description": "Returns the amount of achievements in Garry's Mod.",
              "item": "function",
              "returns": [
                {
                  "type": "number",
                  "description": "The amount of achievements available."
                }
              ],
              "realm": "client"
            },
            "achievements.EatBall": {
              "name": "achievements.EatBall",
              "description": "Adds one to the count of balls eaten. Once this count reaches 200,\nthe 'Ball Eater' achievement is unlocked.",
              "item": "function",
              "realm": "client"
            },
            "achievements.GetCount": {
              "name": "achievements.GetCount",
              "description": "Retrieves progress of given achievement.",
              "item": "function",
              "parameters": [
                {
                  "type": "number",
                  "name": "achievementID",
                  "description": "The ID of achievement to retrieve progress of. Note: IDs start from 0, not 1."
                }
              ],
              "returns": [
                {
                  "type": "number",
                  "description": "The achievement progress for the given achievementID. Note: Non-progress based achievements will have 0, even if they are completed."
                }
              ],
              "examples": [
                "Will print achievement progress for all of your achievements into\nconsole.\n```lua\nfor i = 0, achievements.Count() - 1 do\n    print( achievements.GetCount(i) )\nend\n```"
              ],
              "realm": "client"
            },
            "achievements.GetDesc": {
              "name": "achievements.GetDesc",
              "description": "Retrieves description of given achievement.",
              "item": "function",
              "parameters": [
                {
                  "type": "number",
                  "name": "achievementID",
                  "description": "The ID of achievement to retrieve progress of. Note: IDs start from 0, not 1."
                },
                {
                  "type": "string",
                  "name": "Description",
                  "description": "of an achievement."
                }
              ],
              "examples": [
                "Will print achievement descriptions for all of your achievements\ninto console.\n```lua\nfor i = 0, achievements.Count() - 1 do\n    print( achievements.GetDesc(i) )\nend\n```"
              ],
              "realm": "client"
            },
            "achievements.GetGoal": {
              "name": "achievements.GetGoal",
              "description": "Retrieves progress goal of given achievement.",
              "item": "function",
              "parameters": [
                {
                  "type": "number",
                  "name": "achievementID",
                  "description": "The ID of achievement to retrieve progress of. Note: IDs start from 0, not 1."
                }
              ],
              "returns": [
                {
                  "type": "number",
                  "description": "Progress goal of an achievement."
                }
              ],
              "realm": "client"
            },
            "achievements.GetName": {
              "name": "achievements.GetName",
              "description": "Retrieves name of given achievement.",
              "item": "function",
              "parameters": [
                {
                  "type": "number",
                  "name": "achievementID",
                  "description": "The ID of achievement to retrieve progress of. Note: IDs start from 0, not 1."
                }
              ],
              "returns": [
                {
                  "type": "string",
                  "description": "Name of an achievement."
                }
              ],
              "realm": "client"
            },
            "achievements.IncBaddies": {
              "name": "achievements.IncBaddies",
              "description": "Adds one to the count of baddies killed. Once this count reaches 1000,\nthe 'War Zone' achievement is unlocked.",
              "item": "function",
              "realm": "client"
            },
            "achievements.IncBystander": {
              "name": "achievements.IncBystander",
              "description": "Adds one to the count of innocent animals killed. Once this count reaches\n1000, the 'Innocent Bystander' achievement is unlocked.",
              "item": "function",
              "realm": "client"
            },
            "achievements.IncGoodies": {
              "name": "achievements.IncGoodies",
              "description": "Adds one to the count of friendly NPCs killed. Once this count reaches 1000,\nthe 'Bad Friend' achievement is unlocked.",
              "item": "function",
              "realm": "client"
            },
            "achievements.IsAchieved": {
              "name": "achievements.IsAchieved",
              "description": "Used in Garry's Mod 12 in the achievements menu to show the user if they have\nunlocked certain achievements.",
              "item": "function",
              "parameters": [
                {
                  "type": "number",
                  "name": "achievementID",
                  "description": "The ID of achievement to retrieve progress of. Note: IDs start from 0, not 1."
                }
              ],
              "returns": [
                {
                  "type": "boolean",
                  "description": "Returns true if the given achievementID is achieved."
                }
              ],
              "realm": "client"
            },
            "achievements.Remover": {
              "name": "achievements.Remover",
              "description": "Adds one to the count of things removed. Once this count reaches 5000,\nthe 'Destroyer' achievement is unlocked.",
              "item": "function",
              "realm": "client"
            },
            "achievements.SpawnedNPC": {
              "name": "achievements.SpawnedNPC",
              "description": "Adds one to the count of NPCs spawned. Once this count reaches 1000,\nthe 'Procreator' achievement is unlocked.",
              "item": "function",
              "realm": "client"
            },
            "achievements.SpawnedProp": {
              "name": "achievements.SpawnedProp",
              "description": "Adds one to the count of props spawned. Once this count reaches 5000,\nthe 'Creator' achievement is unlocked.",
              "item": "function",
              "realm": "client"
            },
            "achievements.SpawnedRagdoll": {
              "name": "achievements.SpawnedRagdoll",
              "description": "Adds one to the count of ragdolls spawned. Once this count reaches 2000,\nthe 'Dollhouse' achievement is unlocked.",
              "item": "function",
              "realm": "client"
            },
            "achievements.SpawnMenuOpen": {
              "name": "achievements.SpawnMenuOpen",
              "description": "Adds one to the count of how many times the spawnmenu has been opened.\nOnce this count reaches 100,000, the 'Menu User' achievement is unlocked.",
              "item": "function",
              "realm": "client"
            }
          },
          "description": "This library is used internally by Garry's Mod to help keep track of\nachievement progress and unlock the appropriate achievements once a certain\nnumber is reached.",
          "item": "category"
        },
        "cam": {
          "name": "cam",
          "pageType": "function",
          "subcategories": {
            "cam.ApplyShake": {
              "name": "cam.ApplyShake",
              "description": "Shakes the screen at a certain position.",
              "item": "function",
              "parameters": [
                {
                  "type": "Vector",
                  "name": "pos",
                  "description": "Origin of the shake."
                },
                {
                  "type": "Angle",
                  "name": "pos",
                  "description": "Angles of the shake."
                },
                {
                  "type": "number",
                  "name": "pos",
                  "description": "The shake factor."
                }
              ],
              "realm": "client"
            },
            "cam.End2D": {
              "name": "cam.End2D",
              "description": "Switches the renderer back to the previous drawing mode from a 2D context.",
              "item": "function",
              "realm": "client"
            },
            "cam.End3D": {
              "name": "cam.End3D",
              "description": "Switches the renderer back to the previous drawing mode from a 3D context.",
              "item": "function",
              "realm": "client"
            },
            "cam.End3D2D": {
              "name": "cam.End3D2D",
              "description": "Switches the renderer back to the previous drawing mode from a 3D2D context.",
              "item": "function",
              "realm": "client"
            },
            "cam.EndOrthoView": {
              "name": "cam.EndOrthoView",
              "description": "Switches the renderer back to the previous drawing mode from a 3D\northographic rendering context.",
              "item": "function",
              "realm": "client"
            },
            "cam.GetModelMatrix": {
              "name": "cam.GetModelMatrix",
              "description": "Returns the currently active model matrix.",
              "item": "function",
              "realm": "client"
            },
            "cam.IgnoreZ": {
              "name": "cam.IgnoreZ",
              "description": "Tells the renderer to ignore the depth buffer and draw any upcoming\noperation \"ontop\" of everything that was drawn yet.",
              "item": "function",
              "parameters": [
                {
                  "type": "boolean",
                  "name": "ignoreZ",
                  "description": "Determines whenever to ignore the depth buffer or not."
                }
              ],
              "realm": "client"
            },
            "cam.PopModelMatrix": {
              "name": "cam.PopModelMatrix",
              "description": "Pops the current active rendering matrix from the stack and reinstates the\nprevious one.",
              "item": "function",
              "realm": "client"
            },
            "cam.PushModelMatrix": {
              "name": "cam.PushModelMatrix",
              "description": "Pushes the specified matrix onto the render matrix stack. Unlike opengl,\nthis will replace the current model matrix.",
              "item": "function",
              "parameters": [
                {
                  "type": "VMatrix",
                  "name": "matrix",
                  "description": "The matrix to push."
                },
                {
                  "type": "boolean",
                  "name": "multiply",
                  "description": "If set, multiplies given matrix with currently active matrix (cam.GetModelMatrix) before pushing."
                }
              ],
              "examples": [
                "Rotates and scales text in the center of the screen.\n```lua\nhook.Add(\"HUDPaint\", \"2d rotation test\", function()\n    local w, h = ScrW(), ScrH()\n    local t = RealTime()*50\n\n    local mat = Matrix()\n\n    mat:Translate(Vector(w/2, h/2))\n    mat:Rotate(Angle(0,t,0))\n    mat:Scale(Vector(1,1,1) * math.sin(t/100) *10)\n    mat:Translate(-Vector(w/2, h/2))\n\n    cam.PushModelMatrix(mat)\n    surface.SetFont(\"DermaDefault\")\n        surface.SetTextColor(255, 255, 255, 255)\n        surface.SetTextPos(w/2, h/2)\n        surface.DrawText(\"LOLLOLOLOL\")\n    cam.PopModelMatrix()\nend)\n```",
                "Simple function to draw rotated text.\n```lua\nfunction draw.TextRotated(text, x, y, color, font, ang)\n    render.PushFilterMag(TEXFILTER.ANISOTROPIC)\n    render.PushFilterMin(TEXFILTER.ANISOTROPIC)\n    surface.SetFont(font)\n    surface.SetTextColor(color)\n    surface.SetTextPos(0, 0)\n    local textWidth, textHeight = surface.GetTextSize( text )\n    local rad = -math.rad( ang )\n    x = x - ( math.cos( rad ) * textWidth / 2 + math.sin( rad ) * textHeight / 2 )\n    y = y + ( math.sin( rad ) * textWidth / 2 + math.cos( rad ) * textHeight / 2 )\n    local m = Matrix()\n    m:SetAngles(Angle(0, ang, 0))\n    m:SetTranslation(Vector(x, y, 0))\n    cam.PushModelMatrix(m)\n        surface.DrawText(text)\n    cam.PopModelMatrix()\n    render.PopFilterMag()\n    render.PopFilterMin()\nend\n```"
              ],
              "realm": "client"
            },
            "cam.Start": {
              "name": "cam.Start",
              "description": "Sets up a new rendering context. This is an extended version of cam.Start3D\nand cam.Start2D. Must be finished by cam.End3D or cam.End2D.",
              "item": "function",
              "realm": "client"
            },
            "cam.Start2D": {
              "name": "cam.Start2D",
              "description": "Sets up a new 2D rendering context. Must be finished by cam.End2D.\n\nThis is almost always used with a render target from the render. To set its\nposition use render.SetViewPort with a target already stored.",
              "item": "function",
              "realm": "client"
            },
            "cam.Start3D": {
              "name": "cam.Start3D",
              "description": "Sets up a new 3D rendering context. Must be finished by cam.End3D.\n\nFor more advanced settings such as an orthographic view, use cam.Start\ninstead.",
              "item": "function",
              "parameters": [
                {
                  "type": "Vector",
                  "name": "pos",
                  "description": "Render cam position."
                },
                {
                  "type": "Angle",
                  "name": "angles",
                  "description": "Render cam angles."
                },
                {
                  "type": "number",
                  "name": "fov",
                  "description": "Field of view."
                },
                {
                  "type": "number",
                  "name": "x",
                  "description": "X coordinate of where to start the new view port."
                },
                {
                  "type": "number",
                  "name": "y",
                  "description": "Y coordinate of where to start the new view port."
                },
                {
                  "type": "number",
                  "name": "w",
                  "description": "Width of the new viewport."
                },
                {
                  "type": "number",
                  "name": "h",
                  "description": "Height of the new viewport."
                },
                {
                  "type": "number",
                  "name": "zNear",
                  "description": "Distance to near clipping plane."
                },
                {
                  "type": "number",
                  "name": "zFar",
                  "description": "Distance to far clipping plane."
                }
              ],
              "examples": [
                "Set up a 3D rendering environment in a 2D rendering hook to render\nmodels on HUD.\n```lua\nhook.Add(\"HUDPaint\", \"3d_camera_example\", function()\n    cam.Start3D()\n        for id, ply in ipairs(player.GetAll()) do\n            ply:DrawModel()\n        end\n    cam.End3D()\nend)\n```"
              ],
              "realm": "client"
            },
            "cam.Start3D2D": {
              "name": "cam.Start3D2D",
              "description": "Sets up a new 2D rendering context. Must be finished by cam.End3D2D.\nThis function pushes a new matrix onto the stack. (cam.PushModelMatrix)",
              "item": "function",
              "parameters": [
                {
                  "type": "Vector",
                  "name": "pos",
                  "description": "Origin of the 3D2D context, ie. the top left corner, (0, 0)."
                },
                {
                  "type": "Angle",
                  "name": "angles",
                  "description": "Angles of the 3D2D context. +x in the 2d context corresponds to +x of the angle (its forward direction). +y in the 2d context corresponds to -y of the angle (its right direction).\n\nIf (dx, dy) are your desired (+x, +y) unit vectors, the angle you want is dx:AngleEx(dx:Cross(-dy))."
                },
                {
                  "type": "number",
                  "name": "scale",
                  "description": "The scale of the render context. If scale is 1 then 1 pixel in 2D context will equal to 1 unit in 3D context."
                }
              ],
              "examples": [
                "Makes a floating rectangle with text above where the player is\nlooking at, pointing at the player\n```lua\nhook.Add(\"PostDrawOpaqueRenderables\", \"example\", function()\n    -- Get the game's camera angles\n    local angle = EyeAngles()\n\n    -- Only use the Yaw component of the angle\n    angle = Angle( 0, angle.y, 0 )\n\n    -- Apply some animation to the angle\n    angle.y = angle.y + math.sin( CurTime() ) * 10\n\n    -- Correct the angle so it points at the camera\n    -- This is usually done by trial and error using Up(), Right() and Forward() axes\n    angle:RotateAroundAxis( angle:Up(), -90 )\n    angle:RotateAroundAxis( angle:Forward(), 90 )\n\n    -- A trace just for a position\n    local trace = LocalPlayer():GetEyeTrace()\n    local pos = trace.HitPos\n\n    -- Raise the hitpos off the ground by 20 units and apply some animation\n    pos = pos + Vector( 0, 0, math.cos( CurTime() / 2 ) + 20 )\n\n    -- Notice the scale is small, so text looks crispier\n    cam.Start3D2D( pos, angle, 0.1 )--\n        -- Get the size of the text we are about to draw\n        local text = \"Testing\"\n        surface.SetFont( \"Default\" )\n        local tW, tH = surface.GetTextSize( \"Testing\" )\n\n        -- This defines amount of padding for the box around the text\n        local pad = 5\n\n        -- Draw a rectable. This has to be done before drawing the text, to prevent overlapping\n        -- Notice how we start drawing in negative coordinates\n        -- This is to make sure the 3d2d display rotates around our position by its center, not left corner\n        surface.SetDrawColor( 0, 0, 0, 255 )\n        surface.DrawRect(-tW / 2 - pad, -pad, tW + pad * 2, tH + pad * 2)\n\n        -- Draw some text\n        draw.SimpleText(\"Testing\", \"Default\", -tW / 2, 0, color_white)\n    cam.End3D2D()\nend)\n```"
              ],
              "realm": "client"
            },
            "cam.StartOrthoView": {
              "name": "cam.StartOrthoView",
              "description": "Sets up a new 3d context using orthographic projection.",
              "item": "function",
              "parameters": [
                {
                  "type": "number",
                  "name": "leftOffset",
                  "description": "The left plane offset."
                },
                {
                  "type": "number",
                  "name": "topOffset",
                  "description": "The top plane offset."
                },
                {
                  "type": "number",
                  "name": "rightOffset",
                  "description": "The right plane offset."
                },
                {
                  "type": "number",
                  "name": "bottomOffset",
                  "description": "The bottom plane offset."
                }
              ],
              "realm": "client"
            }
          },
          "description": "This directs all drawing to be done to a certain 2D or 3D plane or position,\nuntil the corresponding \"End\" function is called.\nThe matrix functions exist, but are mostly unusable unless you're familiar\nwith the source engine's layout for each aspect.",
          "item": "category"
        },
        "player": {
          "name": "player",
          "pageType": "function",
          "subcategories": {
            "player.GetAll": {
              "name": "player.GetAll",
              "description": "Gets all the current players in the server (not including connecting\nclients).",
              "item": "function",
              "returns": [
                {
                  "type": "table",
                  "description": "All Players currently in the server."
                }
              ],
              "realm": "shared"
            },
            "player.GetBots": {
              "name": "player.GetBots",
              "description": "Returns a table of all bots on the server.",
              "item": "function",
              "returns": [
                {
                  "type": "table",
                  "description": "A table only containing bots ( AI / non human players )"
                }
              ],
              "realm": "shared"
            },
            "player.GetByAccountID": {
              "name": "player.GetByAccountID",
              "description": "Gets the player with the specified AccountID.",
              "item": "function",
              "parameters": [
                {
                  "type": "number",
                  "name": "accountID",
                  "description": "The Player:AccountID to find the player by."
                }
              ],
              "returns": [
                {
                  "type": "Player",
                  "description": "Player if one is found, false otherwise"
                }
              ],
              "realm": "shared"
            },
            "player.GetByID": {
              "name": "player.GetByID",
              "description": "Gets the player with the specified connection ID.\n\nConnection ID can be retrieved via gameevent.Listen events.\n\nFor a function that returns a player based on their Entity:EntIndex, see\nEntity.\n\nFor a function that returns a player based on their Player:UserID, see\nPlayer.",
              "item": "function",
              "parameters": [
                {
                  "type": "number",
                  "name": "connectionID",
                  "description": "The connection ID to find the player by."
                }
              ],
              "returns": [
                {
                  "type": "Player|nil",
                  "description": "Player if one is found, nil otherwise."
                }
              ],
              "realm": "shared"
            },
            "player.GetBySteamID": {
              "name": "player.GetBySteamID",
              "description": "Gets the player with the specified SteamID.",
              "item": "function",
              "parameters": [
                {
                  "type": "string",
                  "name": "steamID",
                  "description": "The Player:SteamID to find the player by."
                }
              ],
              "returns": [
                {
                  "type": "Player",
                  "description": "Player if one is found, false otherwise."
                }
              ],
              "realm": "shared"
            },
            "player.GetBySteamID64": {
              "name": "player.GetBySteamID64",
              "description": "Gets the player with the specified SteamID64.",
              "item": "function",
              "parameters": [
                {
                  "type": "string|number",
                  "name": "steamID64",
                  "description": "The Player:SteamID64 to find the player by."
                }
              ],
              "returns": [
                {
                  "type": "Player|boolean",
                  "description": "Player if one is found, false otherwise."
                }
              ],
              "realm": "shared"
            },
            "player.GetByUniqueID": {
              "name": "player.GetByUniqueID",
              "description": "Gets the player with the specified uniqueID (not recommended way to identify\nplayers).",
              "item": "function",
              "parameters": [
                {
                  "type": "string",
                  "name": "uniqueID",
                  "description": "The Player:UniqueID to find the player by."
                }
              ],
              "returns": [
                {
                  "type": "Player|boolean",
                  "description": "Player if one is found, false otherwise."
                }
              ],
              "realm": "shared"
            },
            "player.GetCount": {
              "name": "player.GetCount",
              "description": "Gives you the player count. Similar to #player.GetAll but with much better\nperformance.",
              "item": "function",
              "returns": [
                {
                  "type": "number",
                  "description": "Number of players."
                }
              ],
              "realm": "shared"
            },
            "player.GetHumans": {
              "name": "player.GetHumans",
              "description": "Returns a table of all human ( non bot/AI ) players.\n\nUnlike player.GetAll, this does not include bots.",
              "item": "function",
              "returns": [
                {
                  "type": "table",
                  "description": "A table of all human ( non bot/AI ) players."
                }
              ],
              "realm": "shared"
            }
          },
          "description": "The player library is used to get the Lua objects that represent players\nin-game.",
          "item": "category"
        },
        "resource": {
          "name": "resource",
          "pageType": "function",
          "subcategories": {
            "resource.AddFile": {
              "name": "resource.AddFile",
              "description": "Adds the specified and all related files to the files the client should\ndownload.\n\nFor convenience, this function will automatically add any other files that\nare related to the selected one, and throw an error if it can't find them.\nFor example, a .vmt file will automatically add the .vtf with the same name,\nand a .mdl file will automatically add all .vvd, .ani, .dx80.vtx, .dx90.vtx,\n.sw.vtx, .phy and .jpg files with the same name, with a separate error for\neach missing file.\n\nIf you do not want it to do this, use resource.AddSingleFile.",
              "item": "function",
              "parameters": [
                {
                  "type": "string",
                  "name": "path",
                  "description": "Virtual path of the file to be added, relative to garrysmod/. Do not add .bz2 to the filepath. Do not put gamemodes/*gamemodename*/content/ or addons/<*addonname*/ into the path."
                }
              ],
              "realm": "server"
            },
            "resource.AddSingleFile": {
              "name": "resource.AddSingleFile",
              "description": "Adds the specified file to the files the client should download.\n\nIf you wish to add textures or models, consider using resource.AddFile to\nadd all the files required for a texture/model.",
              "item": "function",
              "parameters": [
                {
                  "type": "string",
                  "name": "path",
                  "description": "Path of the file to be added, relative to garrysmod/"
                }
              ],
              "realm": "server"
            },
            "resource.AddWorkshop": {
              "name": "resource.AddWorkshop",
              "description": "Adds a workshop addon for the client to download before entering the server.\n\nHaving the raw files from a workshop item does not count as having already\ndownloaded it.\nSo players who previously downloaded a map through Fast Download will have\nto re-download it if you use the workshop.\n\nYou should try to only add addons that have custom content ( models, sounds,\netc ).\n\nGamemodes that are workshop enabled are automatically added to this list -\nso there's no need to add them.\n\nThe server's current map is also automatically added, if it is loaded from a\nworkshop addon.",
              "item": "function",
              "parameters": [
                {
                  "type": "string",
                  "name": "workshopid",
                  "description": "The workshop id of the file. This cannot be a collection."
                }
              ],
              "realm": "server"
            }
          },
          "description": "The resource library is used to control what files are sent to clients who\njoin a server, this includes models, materials, sounds, text files but not\nLua files.",
          "item": "category"
        }
      },
      "item": "category"
    },
    "hooks": {
      "name": "Hooks",
      "pageType": "function",
      "subcategories": {
        "GM": {
          "name": "GM",
          "pageType": "function",
          "subcategories": {
            "ChatText": {
              "name": "ChatText",
              "description": "Called when the player dies.",
              "item": "function",
              "parameters": [
                {
                  "type": "number",
                  "name": "index",
                  "description": "The index of the player."
                },
                {
                  "type": "string",
                  "name": "name",
                  "description": "The name of the player."
                },
                {
                  "type": "string",
                  "name": "text",
                  "description": "The text that is being sent."
                },
                {
                  "type": "string",
                  "name": "type",
                  "description": "Chat filter type."
                }
              ],
              "returns": [
                {
                  "type": "boolean",
                  "description": "Return true to suppress the chat message."
                }
              ],
              "realm": "client"
            },
            "KeyPress": {
              "name": "KeyPress",
              "description": "Called whenever a player pressed a key included within the IN keys.\n\nFor a more general purpose function that handles all kinds of input,\nsee GM:PlayerButtonDown.",
              "item": "function",
              "parameters": [
                {
                  "type": "Player",
                  "name": "ply",
                  "description": "The player pressing the key. If running client-side, this will always be LocalPlayer."
                },
                {
                  "type": "number",
                  "name": "key",
                  "description": "The key that the player pressed using Enums/IN."
                }
              ],
              "realm": "shared"
            },
            "PlayerAuthed": {
              "name": "PlayerAuthed",
              "description": "Called once when the player is authenticated.",
              "item": "function",
              "parameters": [
                {
                  "type": "Player",
                  "name": "ply",
                  "description": "The player."
                },
                {
                  "type": "string",
                  "name": "steamid",
                  "description": "The player's SteamID."
                },
                {
                  "type": "string",
                  "name": "uniqueid",
                  "description": "The player's UniqueID."
                }
              ],
              "realm": "server"
            }
          },
          "description": "A list of hooks available in player classes.",
          "item": "category"
        },
        "GM2": {
          "name": "GM2",
          "pageType": "function",
          "subcategories": {
            "ChatText": {
              "name": "ChatText",
              "description": "Called when the player dies.",
              "item": "function",
              "parameters": [
                {
                  "type": "number",
                  "name": "index",
                  "description": "The index of the player."
                },
                {
                  "type": "string",
                  "name": "name",
                  "description": "The name of the player."
                },
                {
                  "type": "string",
                  "name": "text",
                  "description": "The text that is being sent."
                },
                {
                  "type": "string",
                  "name": "type",
                  "description": "Chat filter type."
                }
              ],
              "returns": [
                {
                  "type": "boolean",
                  "description": "Return true to suppress the chat message."
                }
              ],
              "realm": "client"
            },
            "KeyPress": {
              "name": "KeyPress",
              "description": "Called whenever a player pressed a key included within the IN keys.\n\nFor a more general purpose function that handles all kinds of input,\nsee GM:PlayerButtonDown.",
              "item": "function",
              "parameters": [
                {
                  "type": "Player",
                  "name": "ply",
                  "description": "The player pressing the key. If running client-side, this will always be LocalPlayer."
                },
                {
                  "type": "number",
                  "name": "key",
                  "description": "The key that the player pressed using Enums/IN."
                }
              ],
              "realm": "shared"
            },
            "PlayerAuthed": {
              "name": "PlayerAuthed",
              "description": "Called once when the player is authenticated.",
              "item": "function",
              "parameters": [
                {
                  "type": "Player",
                  "name": "ply",
                  "description": "The player."
                },
                {
                  "type": "string",
                  "name": "steamid",
                  "description": "The player's SteamID."
                },
                {
                  "type": "string",
                  "name": "uniqueid",
                  "description": "The player's UniqueID."
                }
              ],
              "realm": "server"
            }
          },
          "item": "category"
        }
      },
      "item": "category"
    },
    "panels": {
      "name": "Panels",
      "pageType": "function",
      "subcategories": {
        "DColorCombo": {
          "name": "DColorCombo",
          "pageType": "function",
          "subcategories": {
            "DColorCombo:BuildControls": {
              "name": "DColorCombo:BuildControls",
              "description": "Called internally to create panels necessary for this panel to work.",
              "item": "function",
              "realm": "client"
            },
            "DColorCombo:GetColor": {
              "name": "DColorCombo:GetColor",
              "description": "Returns the color of the DColorCombo.",
              "item": "function",
              "returns": [
                {
                  "type": "Color",
                  "description": "The selected color."
                }
              ],
              "realm": "client"
            },
            "DColorCombo:IsEditing": {
              "name": "DColorCombo:IsEditing",
              "description": "Returns true if the panel is currently being edited.\n\nMore of a internal method, it technically should only ever work (i.e.\nreturn true) inside DColorCombo:OnValueChanged.",
              "item": "function",
              "returns": [
                {
                  "type": "boolean",
                  "description": "True if the panel is currently being edited."
                }
              ],
              "realm": "client"
            },
            "DColorCombo:OnValueChanged": {
              "name": "DColorCombo:OnValueChanged",
              "description": "Called when the value (color) of this panel was changed.",
              "item": "function",
              "parameters": [
                {
                  "type": "Color",
                  "name": "newcol",
                  "description": "The new color."
                }
              ],
              "realm": "client"
            },
            "DColorCombo:SetColor": {
              "name": "DColorCombo:SetColor",
              "description": "Sets the color of this panel.",
              "item": "function",
              "parameters": [
                {
                  "type": "Color",
                  "name": "clr",
                  "description": "The new color."
                }
              ],
              "realm": "client"
            }
          },
          "description": "The DColorCombo allows the user to choose color, without alpha, using\nDColorMixer or DColorPalette in a tabbed view.",
          "item": "category"
        },
        "MPanel": {
          "name": "MPanel",
          "pageType": "function",
          "subcategories": {
            "PANEL:GetBackgroundColor": {
              "name": "PANEL:GetBackgroundColor",
              "description": "Returns the background color. If this panels has a transparent background,\ninvoke this on the parent and return its value.\n\nIf no background color is found, the default color is returned.",
              "item": "function",
              "returns": [
                {
                  "type": "Color",
                  "description": "The background color."
                }
              ],
              "realm": "client"
            },
            "PANEL:SetBackgroundColor": {
              "name": "PANEL:SetBackgroundColor",
              "description": "Sets the background color.\n\nIf set to nil, then the panel is considered transparent.",
              "item": "function",
              "parameters": [
                {
                  "type": "Color|nil",
                  "name": "color",
                  "description": "The background color."
                }
              ],
              "realm": "client"
            }
          },
          "description": "Base panel for all elements.",
          "item": "category"
        }
      },
      "item": "category"
    },
    "enums": {
      "name": "Enums",
      "pageType": "table",
      "subcategories": {
        "MOUSE": {
          "name": "MOUSE",
          "item": "table",
          "fields": [
            {
              "type": "number",
              "key": "MOUSE_FIRST",
              "description": "First mouse button."
            },
            {
              "type": "number",
              "key": "MOUSE_LEFT",
              "description": "Left mouse button."
            },
            {
              "type": "number",
              "key": "MOUSE_RIGHT",
              "description": "Right mouse button"
            },
            {
              "type": "number",
              "key": "MOUSE_MIDDLE",
              "description": "Middle mouse button, aka the wheel press"
            },
            {
              "type": "number",
              "key": "MOUSE_4",
              "description": "Mouse 4 button ( Sometimes, mouse wheel tilt left )"
            },
            {
              "type": "number",
              "key": "MOUSE_5",
              "description": "Mouse 5 button ( Sometimes, mouse wheel tilt right )"
            },
            {
              "type": "number",
              "key": "MOUSE_WHEEL_UP",
              "description": "Mouse wheel scroll up"
            },
            {
              "type": "number",
              "key": "MOUSE_WHEEL_DOWN",
              "description": "Mouse wheel scroll down"
            },
            {
              "type": "number",
              "key": "MOUSE_LAST",
              "description": "Last mouse button"
            },
            {
              "type": "number",
              "key": "MOUSE_COUNT",
              "description": "Mouse button count"
            }
          ]
        }
      },
      "item": "category"
    },
    "structs": {
      "name": "Structs",
      "pageType": "table",
      "subcategories": {
        "AmmoData": {
          "name": "AmmoData",
          "description": "Table structure that describes a Source Engine ammo type.",
          "item": "table",
          "fields": [
            {
              "type": "number",
              "key": "dmgtype",
              "description": "Damage type using Enums/DMG."
            },
            {
              "type": "number",
              "key": "force",
              "description": "The force of the ammo."
            },
            {
              "type": "number",
              "key": "maxsplash",
              "description": "The maximum water splash size."
            },
            {
              "type": "number",
              "key": "minsplash",
              "description": "The minimum water splash size."
            },
            {
              "type": "string",
              "key": "name",
              "description": "Name of the ammo."
            },
            {
              "type": "number",
              "key": "npcdmg",
              "description": "Damage dealt to npcs."
            },
            {
              "type": "number",
              "key": "plydmg",
              "description": "Damage dealt to players."
            },
            {
              "type": "number",
              "key": "Tracer",
              "description": "type using Enums/TRACER."
            },
            {
              "type": "number",
              "key": "maxcarry",
              "description": "Maximum amount of ammo of this type the player should be able to carry in reserve."
            },
            {
              "type": "flags",
              "key": "number",
              "description": "Flags for the ammo type using Enums/AMMO."
            }
          ],
          "realm": "shared"
        },
        "Color": {
          "name": "Color",
          "description": "Table created by the Color function and used in various situations.",
          "item": "table",
          "fields": [
            {
              "type": "number",
              "key": "r",
              "description": "The red channel."
            },
            {
              "type": "number",
              "key": "g",
              "description": "The red channel."
            },
            {
              "type": "number",
              "key": "b",
              "description": "The red channel."
            },
            {
              "type": "number",
              "key": "a",
              "description": "The alpha channel."
            }
          ],
          "realm": "client"
        }
      },
      "item": "category"
    }
  },
  "title": "Documentation",
  "icons": {}
}
